Id,Label,timeset,0,indegree,outdegree,Degree,clustering,eigencentrality,modularity_class,Eccentricity,closnesscentrality,harmonicclosnesscentrality,betweenesscentrality
Computer Science,Computer Science,,0,198,413,611,0.122358,0.971825,6,2,0.990453,0.995181,0.24909
Academic Freedom,Academic Freedom,,0,17,16,33,0.497984,0.040955,0,3,0.411298,0.440964,0.00002
Ada Lovelace,Ada Lovelace,,0,14,20,34,0.316138,0.078323,1,3,0.423902,0.456225,0.000392
Adele Goldstine,Adele Goldstine,,0,68,87,155,0.697012,0.537375,5,2,0.558546,0.604819,0.000552
Aerospace Engineering,Aerospace Engineering,,0,44,43,87,0.388154,0.164314,0,3,0.509202,0.540562,0.002276
Agile Software Development,Agile Software Development,,0,72,87,159,0.693633,0.564775,5,2,0.558546,0.604819,0.000548
Agricultural Engineering,Agricultural Engineering,,0,19,27,46,0.57378,0.04322,0,3,0.459579,0.492369,0.000707
Alan Kay,Alan Kay,,0,71,94,165,0.628219,0.547752,5,2,0.563859,0.613253,0.001045
Alan Turing,Alan Turing,,0,37,24,61,0.248227,0.120254,1,2,0.514888,0.528916,0.00435
Algebra,Algebra,,0,25,24,49,0.456653,0.102411,1,2,0.514888,0.528916,0.000469
Algorithm,Algorithm,,0,100,39,139,0.313844,0.456755,1,2,0.524652,0.546988,0.006797
Alonzo Church,Alonzo Church,,0,10,14,24,0.389474,0.031971,1,3,0.393365,0.420884,0.000075
Analytical Engine,Analytical Engine,,0,13,8,21,0.375,0.059328,1,2,0.504866,0.509639,0.000553
Analytical Chemistry,Analytical Chemistry,,0,35,29,64,0.461879,0.07812,0,3,0.419192,0.459036,0.000758
Anatomy,Anatomy,,0,54,37,91,0.461305,0.118828,4,3,0.453057,0.495181,0.001499
Anthropology,Anthropology,,0,51,34,85,0.421999,0.107662,3,3,0.460089,0.498394,0.001837
Applied Mathematics,Applied Mathematics,,0,30,44,74,0.323137,0.122822,1,2,0.52799,0.553012,0.001767
Applied Physics,Applied Physics,,0,47,34,81,0.559259,0.121267,0,3,0.457552,0.496386,0.000337
Applied Science,Applied Science,,0,28,187,215,0.204547,0.058664,0,2,0.645412,0.725301,0.005361
Archaeology,Archaeology,,0,46,45,91,0.403606,0.103856,3,3,0.469989,0.514859,0.002154
Artificial Intelligence,Artificial Intelligence,,0,111,122,233,0.26356,0.432589,2,2,0.586158,0.646988,0.015508
Aspect-Oriented Software Development,Aspect-Oriented Software Development,,0,67,83,150,0.752101,0.536111,5,2,0.555556,0.6,0.000127
Astrobiology,Astrobiology,,0,49,47,96,0.474126,0.114161,4,3,0.461624,0.51004,0.001899
Astrochemistry,Astrochemistry,,0,40,25,65,0.551797,0.087764,0,3,0.416249,0.453012,0.000906
Astronomy,Astronomy,,0,43,24,67,0.398672,0.107241,0,3,0.450597,0.482731,0.001325
Astrophysics,Astrophysics,,0,55,41,96,0.496672,0.135612,0,3,0.460089,0.504016,0.00164
Atomic Physics,Atomic Physics,,0,47,38,85,0.496721,0.121262,0,3,0.466292,0.506426,0.000438
Automata Theory,Automata Theory,,0,62,97,159,0.412647,0.308993,2,2,0.566166,0.616867,0.000911
Barry Boehm,Barry Boehm,,0,68,82,150,0.783573,0.543521,5,2,0.554813,0.598795,0.000087
Bertrand Meyer,Bertrand Meyer,,0,69,83,152,0.745964,0.545245,5,2,0.555556,0.6,0.000067
Bibliothèque Nationale De France,Bibliothèque Nationale De France,,0,87,0,87,0.181502,0.363932,1,0,0,0,0
Biochemistry,Biochemistry,,0,68,50,118,0.434561,0.157704,4,3,0.439153,0.493976,0.003098
Bioethics,Bioethics,,0,21,14,35,0.559659,0.047492,0,3,0.444802,0.46988,0.000078
Biogeography,Biogeography,,0,58,48,106,0.469309,0.131604,4,3,0.443376,0.495984,0.002805
Bioinformatics,Bioinformatics,,0,66,129,195,0.263553,0.188302,4,2,0.592011,0.655422,0.026333
Biological Engineering,Biological Engineering,,0,34,37,71,0.492743,0.097956,0,3,0.494048,0.525703,0.000397
Biology,Biology,,0,94,52,146,0.290152,0.218224,4,3,0.469989,0.520482,0.006218
Biomechanics,Biomechanics,,0,49,67,116,0.396682,0.11741,4,2,0.543906,0.580723,0.004939
Biomedical Engineering,Biomedical Engineering,,0,40,37,77,0.42317,0.112125,0,3,0.494048,0.525703,0.000913
Biophysics,Biophysics,,0,72,63,135,0.426265,0.184003,4,2,0.541069,0.575904,0.005126
Biostatistics,Biostatistics,,0,46,38,84,0.510889,0.118987,4,3,0.442903,0.48755,0.000641
Biotechnology,Biotechnology,,0,27,187,214,0.205983,0.057887,0,2,0.645412,0.725301,0.004394
Bletchley Park,Bletchley Park,,0,11,7,18,0.3625,0.043302,1,3,0.3467,0.358233,0.000036
Boolean Algebra,Boolean Algebra,,0,14,104,118,0.398658,0.037275,2,2,0.571625,0.625301,0.000881
Botany,Botany,,0,47,41,88,0.5156,0.11105,4,3,0.460089,0.504016,0.000673
Cambridge University Press,Cambridge University Press,,0,37,8,45,0.21723,0.115398,1,4,0.299423,0.317671,0.000257
Capability Maturity Model Integration,Capability Maturity Model Integration,,0,70,82,152,0.768503,0.550918,5,2,0.554813,0.598795,0.000177
Category Theory,Category Theory,,0,22,104,126,0.393052,0.088968,2,2,0.571625,0.625301,0.001511
Cell Biology,Cell Biology,,0,47,36,83,0.537989,0.112936,4,3,0.436383,0.480321,0.000294
Charles Babbage,Charles Babbage,,0,27,14,41,0.264286,0.111632,1,3,0.365961,0.389157,0.000369
Chemical Engineering,Chemical Engineering,,0,43,37,80,0.423775,0.121299,0,2,0.523329,0.544578,0.003041
Chemistry,Chemistry,,0,79,41,120,0.307153,0.187813,0,3,0.44385,0.490763,0.003792
Citizen Science,Citizen Science,,0,20,186,206,0.200785,0.04687,0,2,0.64441,0.724096,0.001847
Civil Engineering,Civil Engineering,,0,42,34,76,0.429573,0.123696,0,3,0.473744,0.508835,0.001517
Classical Mechanics,Classical Mechanics,,0,53,35,88,0.496995,0.138525,0,3,0.462653,0.501205,0.000551
Classical Physics,Classical Physics,,0,47,27,74,0.63098,0.122757,0,3,0.450108,0.484739,0.000081
Claude Shannon,Claude Shannon,,0,25,40,65,0.286939,0.106873,1,3,0.518102,0.543775,0.001211
Climatology,Climatology,,0,34,19,53,0.526713,0.072831,0,3,0.404483,0.436546,0.000248
Coding Theory,Coding Theory,,0,11,21,32,0.327586,0.048404,1,2,0.512979,0.525301,0.000246
Cognitive Science,Cognitive Science,,0,47,130,177,0.262062,0.10671,2,2,0.592857,0.656627,0.017013
Computability,Computability,,0,9,9,18,0.5,0.040491,1,2,0.505481,0.510843,0.000085
Computability Theory,Computability Theory,,0,14,96,110,0.420693,0.045094,2,2,0.565395,0.615663,0.001278
Computational Biology,Computational Biology,,0,91,20,111,0.352195,0.383359,4,2,0.512346,0.524096,0.003427
Computational Chemistry,Computational Chemistry,,0,79,109,188,0.341025,0.33712,2,2,0.575589,0.631325,0.01998
Computational Engineering,Computational Engineering,,0,61,21,82,0.437063,0.302985,2,2,0.512979,0.525301,0.001451
Computational Geometry,Computational Geometry,,0,60,91,151,0.448118,0.311873,2,2,0.56157,0.609639,0.000481
Computational Linguistics,Computational Linguistics,,0,29,106,135,0.301587,0.079292,2,2,0.573204,0.627711,0.003381
Computational Mathematics,Computational Mathematics,,0,71,28,99,0.524809,0.345392,2,2,0.517456,0.533735,0.000896
Computational Physics,Computational Physics,,0,105,113,218,0.302776,0.39612,2,2,0.578801,0.636145,0.01951
Computational Science,Computational Science,,0,12,33,45,0.316066,0.054338,1,2,0.520703,0.539759,0.000584
Computer,Computer,,0,51,60,111,0.244944,0.196434,1,2,0.538961,0.572289,0.00729
Computer-Generated Imagery,Computer-Generated Imagery,,0,6,12,18,0.527473,0.031954,2,3,0.422607,0.448594,0.00004
Computer Animation,Computer Animation,,0,60,94,154,0.436461,0.299627,2,2,0.563859,0.613253,0.000503
Computer Architecture,Computer Architecture,,0,69,101,170,0.384968,0.342628,2,2,0.569273,0.621687,0.0021
Computer Engineering,Computer Engineering,,0,116,41,157,0.369365,0.675367,5,2,0.525982,0.549398,0.004395
Computer Graphics,Computer Graphics,,0,73,33,106,0.422625,0.351209,2,2,0.520703,0.539759,0.002571
Computer Hardware,Computer Hardware,,0,80,93,173,0.388539,0.391574,2,2,0.563094,0.612048,0.003589
Computer Network,Computer Network,,0,83,101,184,0.359659,0.392373,2,2,0.569273,0.621687,0.008934
Computer Programming,Computer Programming,,0,90,170,260,0.32374,0.633551,5,2,0.628788,0.704819,0.008192
Computer Security,Computer Security,,0,66,95,161,0.416667,0.326242,2,2,0.564626,0.614458,0.003323
Computer Simulation,Computer Simulation,,0,23,31,54,0.222074,0.081856,1,3,0.474828,0.507229,0.001922
Computer System,Computer System,,0,15,59,74,0.274592,0.079818,1,2,0.538262,0.571084,0.001045
Computer Vision,Computer Vision,,0,67,13,80,0.494775,0.327333,2,3,0.452563,0.475502,0.000702
Computing,Computing,,0,28,107,135,0.322471,0.124226,2,2,0.573997,0.628916,0.003547
Condensed Matter Physics,Condensed Matter Physics,,0,51,27,78,0.604827,0.130244,0,3,0.449134,0.483936,0.000438
Conservation Biology,Conservation Biology,,0,42,40,82,0.513914,0.102305,4,3,0.461111,0.504016,0.000667
Continuum Mechanics,Continuum Mechanics,,0,47,185,232,0.207447,0.121655,0,2,0.643411,0.722892,0.013577
Control Theory,Control Theory,,0,96,41,137,0.372057,0.408587,2,2,0.525982,0.549398,0.003553
Cosmology,Cosmology,,0,36,20,56,0.437681,0.081671,0,3,0.415,0.447791,0.000686
Criminology,Criminology,,0,37,32,69,0.573543,0.080128,3,3,0.457048,0.494378,0.00023
Cryptography,Cryptography,,0,75,23,98,0.434314,0.350608,2,2,0.51425,0.527711,0.00351
Crystallography,Crystallography,,0,31,22,53,0.458188,0.070722,0,3,0.388941,0.42249,0.000237
Cultural Studies,Cultural Studies,,0,43,26,69,0.557354,0.08962,3,3,0.450597,0.484337,0.000526
Curlie,Curlie,,0,51,3,54,0.146226,0.191648,3,4,0.275382,0.286948,0.000152
Cyberwarfare,Cyberwarfare,,0,61,13,74,0.598077,0.305764,2,2,0.507956,0.515663,0.000983
Danese Cooper,Danese Cooper,,0,68,2,70,0.940166,0.543521,5,1,1,1,0.000006
Data Compression,Data Compression,,0,12,18,30,0.314229,0.058365,1,3,0.402913,0.434137,0.000329
Data Mining,Data Mining,,0,72,99,171,0.376258,0.34039,2,2,0.567715,0.619277,0.005884
Data Model,Data Model,,0,72,86,158,0.706505,0.56162,5,2,0.557796,0.603614,0.000777
Data Modeling,Data Modeling,,0,74,83,157,0.689224,0.561156,5,2,0.555556,0.6,0.001291
Data Science,Data Science,,0,12,18,30,0.277174,0.060889,1,2,0.511084,0.521687,0.000631
Database,Database,,0,41,28,69,0.252776,0.182165,3,3,0.414172,0.453414,0.001935
Database Management System,Database Management System,,0,67,28,95,0.45536,0.353858,2,3,0.414172,0.453414,0.000766
David Parnas,David Parnas,,0,70,83,153,0.733895,0.550962,5,2,0.555556,0.6,0.000115
Decision Support System,Decision Support System,,0,65,9,74,0.557545,0.327595,2,3,0.390038,0.413253,0.000213
Decision Theory,Decision Theory,,0,34,24,58,0.432367,0.102949,1,3,0.422607,0.458233,0.000552
Deductive Reasoning,Deductive Reasoning,,0,10,10,20,0.416667,0.047659,1,3,0.382841,0.406024,0.000037
Delores M. Etter,Delores M. Etter,,0,68,12,80,0.782717,0.543521,5,2,0.507335,0.514458,0.000283
Demography,Demography,,0,37,27,64,0.610465,0.086288,3,3,0.450108,0.484739,0.000081
Dentistry,Dentistry,,0,23,13,36,0.555258,0.054869,0,3,0.365317,0.38755,0.000044
Dependability,Dependability,,0,58,89,147,0.461264,0.308012,2,2,0.560054,0.607229,0.000207
Digital Revolution,Digital Revolution,,0,4,18,22,0.371053,0.017781,1,3,0.390405,0.420884,0.000251
Digital Art,Digital Art,,0,58,90,148,0.453795,0.295142,2,2,0.560811,0.608434,0.000761
Digital Camera,Digital Camera,,0,10,6,16,0.375,0.041232,1,3,0.362762,0.378715,0.000009
Digital Library,Digital Library,,0,63,9,72,0.529577,0.313935,2,3,0.364355,0.383133,0.000071
Digital Physics,Digital Physics,,0,4,34,38,0.57563,0.025856,0,3,0.469457,0.505622,0.000065
Discrete Mathematics,Discrete Mathematics,,0,72,37,109,0.435846,0.349213,2,2,0.523329,0.544578,0.001848
Distributed Computing,Distributed Computing,,0,76,34,110,0.428292,0.382522,2,2,0.520703,0.539759,0.002258
Document Management System,Document Management System,,0,57,8,65,0.575481,0.29364,2,3,0.358997,0.375502,0.000156
Donald Knuth,Donald Knuth,,0,23,24,47,0.353968,0.127636,1,2,0.514888,0.528916,0.000572
E-Commerce,E-Commerce,,0,59,92,151,0.444927,0.302778,2,2,0.562331,0.610843,0.000851
Earth Science,Earth Science,,0,43,188,231,0.208661,0.095464,0,2,0.646417,0.726506,0.023986
Ecology,Ecology,,0,66,59,125,0.369153,0.149417,4,3,0.474286,0.529317,0.004761
Edaphology,Edaphology,,0,30,13,43,0.683712,0.068334,0,4,0.346411,0.37992,0.00003
Edsger W. Dijkstra,Edsger W. Dijkstra,,0,84,173,257,0.339696,0.602038,5,2,0.631659,0.708434,0.006127
Educational Technology,Educational Technology,,0,60,13,73,0.538923,0.297296,2,3,0.39675,0.423695,0.00128
Edward Yourdon,Edward Yourdon,,0,68,86,154,0.724004,0.543521,5,2,0.557796,0.603614,0.000326
Elaine Weyuker,Elaine Weyuker,,0,67,156,223,0.38335,0.536111,5,2,0.615727,0.687952,0.001923
Electrical Engineering,Electrical Engineering,,0,71,44,115,0.249485,0.263865,0,2,0.52799,0.553012,0.00709
Electromagnetism,Electromagnetism,,0,36,34,70,0.52013,0.090838,0,3,0.453552,0.493173,0.000427
Electronic Design Automation,Electronic Design Automation,,0,61,90,151,0.446187,0.308035,2,2,0.560811,0.608434,0.001505
Electronic Publishing,Electronic Publishing,,0,58,11,69,0.566712,0.299379,2,2,0.506716,0.513253,0.000729
Electronic Voting,Electronic Voting,,0,57,10,67,0.56226,0.29364,2,3,0.389671,0.413655,0.000334
Electronics,Electronics,,0,26,20,46,0.256098,0.095404,1,3,0.484247,0.505221,0.001058
Embedded System,Embedded System,,0,66,94,160,0.409244,0.332436,2,2,0.563859,0.613253,0.001241
Engineering,Engineering,,0,77,200,277,0.177123,0.225942,0,2,0.65873,0.740964,0.026231
Enigma Machine,Enigma Machine,,0,6,12,18,0.209524,0.034245,1,3,0.349621,0.366265,0.00006
Enterprise Unified Process,Enterprise Unified Process,,0,68,76,144,0.863303,0.543521,5,2,0.550398,0.591566,0.000002
Enterprise Architecture,Enterprise Architecture,,0,71,86,157,0.700077,0.562499,5,2,0.557796,0.603614,0.000405
Environmental Science,Environmental Science,,0,36,22,58,0.513636,0.082552,0,3,0.417505,0.451807,0.000392
Environmental Studies,Environmental Studies,,0,43,35,78,0.527149,0.095834,3,3,0.456546,0.496386,0.000744
Epidemiology,Epidemiology,,0,58,44,102,0.422535,0.140564,4,3,0.462138,0.508032,0.001791
Epistemology,Epistemology,,0,21,20,41,0.357143,0.061499,3,3,0.419192,0.451807,0.000224
Ethnic Studies,Ethnic Studies,,0,19,11,30,0.580688,0.044889,0,3,0.353794,0.371084,0.000015
Ethology,Ethology,,0,28,16,44,0.536787,0.066527,4,3,0.37693,0.404016,0.00021
Evolutionary Biology,Evolutionary Biology,,0,50,39,89,0.519399,0.12209,4,2,0.524652,0.546988,0.002246
Evolutionary Computation,Evolutionary Computation,,0,15,10,25,0.385965,0.063426,4,3,0.504866,0.511245,0.000439
Evolutionary Psychology,Evolutionary Psychology,,0,30,26,56,0.459759,0.065666,4,3,0.450108,0.483936,0.000365
Experimental Physics,Experimental Physics,,0,46,31,77,0.603318,0.119298,0,3,0.453552,0.490763,0.000352
Extreme Programming,Extreme Programming,,0,70,86,156,0.722962,0.550918,5,2,0.557796,0.603614,0.000154
Fire Protection Engineering,Fire Protection Engineering,,0,34,13,47,0.537652,0.09879,0,3,0.411298,0.438554,0.000147
Fluid Dynamics,Fluid Dynamics,,0,22,33,55,0.458245,0.06623,0,3,0.454048,0.492771,0.00109
Fluid Mechanics,Fluid Mechanics,,0,50,40,90,0.479415,0.128367,0,3,0.460599,0.503614,0.000579
Food Chemistry,Food Chemistry,,0,35,24,59,0.582462,0.080633,0,3,0.412935,0.448996,0.000158
Forensic Science,Forensic Science,,0,20,16,36,0.516129,0.047171,0,3,0.414172,0.443775,0.000161
Forestry,Forestry,,0,23,19,42,0.48583,0.057305,0,3,0.406067,0.438153,0.000059
Formal Logic,Formal Logic,,0,18,113,131,0.30814,0.043012,2,2,0.578801,0.636145,0.002
Fred Brooks,Fred Brooks,,0,72,94,166,0.642988,0.552909,5,2,0.563859,0.613253,0.000843
Functional Programming,Functional Programming,,0,13,25,38,0.282197,0.085184,1,2,0.515528,0.53012,0.000309
Functional Specification,Functional Specification,,0,73,87,160,0.713166,0.572053,5,2,0.558546,0.604819,0.000497
Galactic Astronomy,Galactic Astronomy,,0,23,7,30,0.764493,0.052488,0,4,0.337398,0.364659,0.000003
Game Theory,Game Theory,,0,44,38,82,0.381064,0.138863,1,2,0.52399,0.545783,0.000793
General Relativity,General Relativity,,0,55,35,90,0.494712,0.136535,0,3,0.459071,0.498394,0.000684
Genetic Engineering,Genetic Engineering,,0,28,35,63,0.467707,0.064987,0,3,0.497006,0.526104,0.000599
Genetics,Genetics,,0,63,37,100,0.434664,0.14265,4,3,0.441489,0.485542,0.001304
Geochemistry,Geochemistry,,0,49,31,80,0.471044,0.103202,0,3,0.450597,0.488353,0.002135
Geodesy,Geodesy,,0,38,33,71,0.475689,0.08461,0,3,0.417925,0.461044,0.000388
Geographic Information System,Geographic Information System,,0,79,36,115,0.331334,0.359164,2,3,0.487089,0.52008,0.006493
Geography,Geography,,0,45,55,100,0.416563,0.111586,3,2,0.535484,0.566265,0.002548
Geology,Geology,,0,56,35,91,0.391352,0.121046,0,3,0.425205,0.469478,0.003585
Geomorphology,Geomorphology,,0,39,32,71,0.474238,0.086269,0,3,0.419192,0.461446,0.000736
Geophysics,Geophysics,,0,66,49,115,0.433913,0.157162,0,3,0.462138,0.512048,0.002697
George Boole,George Boole,,0,14,15,29,0.3,0.06154,1,3,0.399038,0.427711,0.000301
Glaciology,Glaciology,,0,40,28,68,0.521277,0.086668,0,3,0.409674,0.448996,0.000573
Gottfried Leibniz,Gottfried Leibniz,,0,7,55,62,0.246867,0.034892,3,2,0.535484,0.566265,0.000729
Gottfried Wilhelm Leibniz,Gottfried Wilhelm Leibniz,,0,19,55,74,0.251408,0.055828,3,2,0.535484,0.566265,0.002278
Grace Hopper,Grace Hopper,,0,71,92,163,0.616886,0.548193,5,2,0.562331,0.610843,0.001023
Grady Booch,Grady Booch,,0,69,84,153,0.758263,0.551225,5,2,0.5563,0.601205,0.000143
Graphics Processing Unit,Graphics Processing Unit,,0,66,19,85,0.540901,0.329564,2,3,0.397891,0.428916,0.000188
Greek Language,Greek Language,,0,19,8,27,0.246667,0.04838,4,3,0.382841,0.404418,0.003215
Green Chemistry,Green Chemistry,,0,39,21,60,0.541414,0.087207,0,3,0.401354,0.43494,0.000228
Guyana,Guyana,,0,2,14,16,0.120879,0.014739,1,2,0.508578,0.516867,0.001305
Halting Problem,Halting Problem,,0,13,14,27,0.357143,0.044255,1,3,0.382841,0.409237,0.000075
Hardware Acceleration,Hardware Acceleration,,0,65,20,85,0.562595,0.325343,2,3,0.430945,0.462651,0.000329
Health Informatics,Health Informatics,,0,63,23,86,0.4432,0.30877,2,2,0.51425,0.527711,0.001631
History,History,,0,43,36,79,0.479461,0.089933,3,3,0.458057,0.498394,0.000619
Human Genome Project,Human Genome Project,,0,10,19,29,0.321538,0.038774,4,3,0.445279,0.474297,0.000123
Human Geography,Human Geography,,0,40,48,88,0.479775,0.089557,3,3,0.46317,0.512048,0.000818
Human–Computer Interaction,Human–Computer Interaction,,0,68,17,85,0.479905,0.33959,2,2,0.510455,0.520482,0.000957
Hungarian Language,Hungarian Language,,0,3,12,15,0.179487,0.015793,1,4,0.306953,0.333534,0.000232
Hydrology,Hydrology,,0,42,32,74,0.458071,0.089913,0,3,0.418347,0.460643,0.000567
Ibm,Ibm,,0,39,17,56,0.290204,0.218314,1,3,0.390405,0.42008,0.001691
Image Compression,Image Compression,,0,59,5,64,0.617927,0.295894,2,3,0.378995,0.39759,0.000103
Immunology,Immunology,,0,49,17,66,0.541234,0.117186,4,3,0.395992,0.426104,0.00031
Industrial Revolution,Industrial Revolution,,0,21,15,36,0.274621,0.054653,3,3,0.366284,0.390361,0.000742
Industrial Engineering,Industrial Engineering,,0,43,40,83,0.352404,0.165677,0,2,0.525316,0.548193,0.001555
Informatics,Informatics,,0,7,24,31,0.316667,0.029929,3,2,0.514888,0.528916,0.000138
Information,Information,,0,39,37,76,0.220238,0.149053,3,3,0.478111,0.514458,0.003523
Information Age,Information Age,,0,5,99,104,0.370099,0.023416,2,2,0.567715,0.619277,0.002913
Information Retrieval,Information Retrieval,,0,65,10,75,0.554186,0.320965,2,3,0.379689,0.40241,0.000202
Information Science,Information Science,,0,34,48,82,0.281971,0.105551,3,2,0.530691,0.557831,0.005878
Information Security,Information Security,,0,66,94,160,0.407576,0.331438,2,2,0.563859,0.613253,0.002358
Information System,Information System,,0,79,37,116,0.403458,0.3997,2,2,0.523329,0.544578,0.002844
Information Technology,Information Technology,,0,28,27,55,0.261099,0.124829,3,2,0.516812,0.53253,0.001407
Information Theory,Information Theory,,0,104,117,221,0.291894,0.409444,2,2,0.582048,0.640964,0.01048
Inorganic Chemistry,Inorganic Chemistry,,0,36,26,62,0.539614,0.081401,0,3,0.415832,0.453414,0.000387
Integrated Authority File,Integrated Authority File,,0,254,3,257,0.127949,0.825375,1,5,0.240023,0.248835,0.000144
Integrated Circuit,Integrated Circuit,,0,73,97,170,0.379619,0.345216,2,2,0.566166,0.616867,0.005224
Integrated Development Environment,Integrated Development Environment,,0,73,8,81,0.518648,0.403483,2,3,0.392992,0.415663,0.000217
Interaction Design,Interaction Design,,0,60,12,72,0.561963,0.311554,2,3,0.474828,0.491968,0.000791
Interdisciplinarity,Interdisciplinarity,,0,44,187,231,0.204678,0.126463,0,2,0.645412,0.725301,0.00954
International Relations,International Relations,,0,36,24,60,0.688934,0.079155,3,3,0.449134,0.481526,0.000061
Internet,Internet,,0,40,18,58,0.254148,0.147082,1,3,0.446717,0.474699,0.008281
Intractably,Intractably,,0,2,96,98,0.427522,0.021212,2,2,0.565395,0.615663,0.000009
Ivar Jacobson,Ivar Jacobson,,0,69,86,155,0.730954,0.551225,5,2,0.557796,0.603614,0.000171
James Rumbaugh,James Rumbaugh,,0,69,86,155,0.711991,0.551225,5,2,0.557796,0.603614,0.000372
Jurisprudence,Jurisprudence,,0,40,30,70,0.519558,0.08372,3,3,0.454545,0.490763,0.001165
Kent Beck,Kent Beck,,0,69,83,152,0.759524,0.545245,5,2,0.555556,0.6,0.000088
Kurt Gödel,Kurt Gödel,,0,23,15,38,0.347782,0.070848,1,3,0.400966,0.429719,0.000456
Limnology,Limnology,,0,35,22,57,0.538384,0.07738,0,4,0.362762,0.405622,0.000143
Linguistics,Linguistics,,0,48,38,86,0.414407,0.11194,3,3,0.464726,0.505221,0.000907
Logic,Logic,,0,37,28,65,0.247451,0.117666,1,2,0.517456,0.533735,0.002427
Lois Haibt,Lois Haibt,,0,68,84,152,0.730369,0.537375,5,2,0.5563,0.601205,0.000529
Machine Learning,Machine Learning,,0,79,98,177,0.375885,0.361901,2,2,0.56694,0.618072,0.005236
Malaysia,Malaysia,,0,2,8,10,0.277778,0.014739,1,3,0.345833,0.357831,0.000003
Martin Fowler,Martin Fowler,,0,69,82,151,0.759664,0.545245,5,2,0.554813,0.598795,0.000059
Mary Jean Harrold,Mary Jean Harrold,,0,67,78,145,0.830063,0.536111,5,2,0.551862,0.593976,0.000034
Materials Science,Materials Science,,0,63,20,83,0.383023,0.165442,0,3,0.449621,0.478715,0.002242
Mathematical Analysis,Mathematical Analysis,,0,70,35,105,0.438252,0.344393,2,2,0.522013,0.542169,0.002184
Mathematical Logic,Mathematical Logic,,0,34,113,147,0.323347,0.11681,2,2,0.578801,0.636145,0.007499
Mathematical Physics,Mathematical Physics,,0,64,54,118,0.416216,0.182664,0,2,0.534794,0.56506,0.003883
Mathematical Statistics,Mathematical Statistics,,0,34,22,56,0.504878,0.109828,0,2,0.513614,0.526506,0.000237
Mechanical Engineering,Mechanical Engineering,,0,48,41,89,0.393497,0.139812,0,3,0.504253,0.535743,0.001355
Mechanics,Mechanics,,0,36,32,68,0.520266,0.085017,0,3,0.457552,0.494779,0.000538
Medicine,Medicine,,0,48,41,89,0.342857,0.106729,4,3,0.445279,0.491968,0.003697
Metamodeling,Metamodeling,,0,69,78,147,0.825633,0.551225,5,2,0.551862,0.593976,0.000102
Meteorology,Meteorology,,0,43,19,62,0.48682,0.09988,0,4,0.364675,0.397189,0.000352
Michael A. Jackson,Michael A. Jackson,,0,69,83,152,0.743365,0.545245,5,2,0.555556,0.6,0.000167
Microarchitecture,Microarchitecture,,0,2,13,15,0.478022,0.019601,2,3,0.387127,0.413253,0.000001
Microbiology,Microbiology,,0,47,32,79,0.556391,0.108542,4,3,0.426516,0.468273,0.00018
Middleware,Middleware,,0,59,89,148,0.454218,0.305212,2,2,0.560054,0.607229,0.00048
Military Engineering,Military Engineering,,0,35,28,63,0.511563,0.10262,0,3,0.46317,0.495984,0.000291
Military Science,Military Science,,0,19,16,35,0.523185,0.047507,0,3,0.420892,0.450201,0.00006
Mineralogy,Mineralogy,,0,31,21,52,0.530488,0.068608,0,3,0.394487,0.427711,0.000197
Mining Engineering,Mining Engineering,,0,33,38,71,0.44026,0.09703,0,3,0.501814,0.531727,0.00049
Modeling Language,Modeling Language,,0,115,0,115,0.524104,0.737819,5,0,0,0,0
Modern Physics,Modern Physics,,0,45,34,79,0.563973,0.117781,0,3,0.464206,0.501606,0.00024
Molecular Biology,Molecular Biology,,0,57,36,93,0.445952,0.141894,4,3,0.429162,0.473896,0.000705
Mozilla Foundation,Mozilla Foundation,,0,4,4,8,0.339286,0.028218,1,4,0.320711,0.333735,0.000004
Multiprocessing,Multiprocessing,,0,63,13,76,0.556053,0.319294,2,3,0.407662,0.43494,0.000459
Nancy Leveson,Nancy Leveson,,0,69,80,149,0.781957,0.545689,5,2,0.553333,0.596386,0.000246
Nanobiology,Nanobiology,,0,18,41,59,0.547727,0.045027,4,3,0.472665,0.513655,0.000122
Natural Language Processing,Natural Language Processing,,0,63,14,77,0.51741,0.306948,2,2,0.508578,0.516867,0.000517
Natural Science,Natural Science,,0,23,52,75,0.320201,0.068434,0,3,0.440552,0.496787,0.000882
Neolithic Revolution,Neolithic Revolution,,0,7,10,17,0.313187,0.019856,3,3,0.353794,0.370281,0.000184
Network Architecture,Network Architecture,,0,57,88,145,0.456677,0.28982,2,2,0.559299,0.606024,0.000033
Network Performance,Network Performance,,0,56,86,142,0.475562,0.289202,2,2,0.557796,0.603614,0.000037
Network Science,Network Science,,0,20,8,28,0.671667,0.051625,0,3,0.44385,0.464257,0.000044
Network Security,Network Security,,0,59,7,66,0.667514,0.302987,2,3,0.371864,0.390763,0.000007
Neural Engineering,Neural Engineering,,0,21,26,47,0.560976,0.047784,0,3,0.460599,0.492369,0.000701
Neurophysiology,Neurophysiology,,0,4,9,13,0.322222,0.020444,4,3,0.365639,0.384739,0.000016
Neuroscience,Neuroscience,,0,58,44,102,0.41318,0.130725,4,3,0.462653,0.508434,0.002155
Niklaus Wirth,Niklaus Wirth,,0,77,90,167,0.616409,0.574334,5,2,0.560811,0.608434,0.000886
Nuclear Chemistry,Nuclear Chemistry,,0,35,24,59,0.566445,0.08098,0,3,0.415,0.451004,0.000253
Nuclear Engineering,Nuclear Engineering,,0,38,27,65,0.488095,0.110139,0,3,0.459579,0.492369,0.000488
Nuclear Physics,Nuclear Physics,,0,50,35,85,0.492896,0.125426,0,3,0.456044,0.495984,0.000659
Numerical Analysis,Numerical Analysis,,0,79,125,204,0.305387,0.370523,2,2,0.588652,0.650602,0.008074
Nursing,Nursing,,0,22,11,33,0.566532,0.052815,0,3,0.370867,0.392771,0.000068
Object-Oriented Programming,Object-Oriented Programming,,0,79,95,174,0.556825,0.588072,5,2,0.564626,0.614458,0.00318
Object Model,Object Model,,0,71,80,151,0.747339,0.553306,5,2,0.553333,0.596386,0.000497
Oceanography,Oceanography,,0,40,31,71,0.476998,0.08661,0,3,0.417085,0.458635,0.00055
Operating System,Operating System,,0,84,108,192,0.343965,0.416856,2,2,0.574792,0.63012,0.004019
Operations Research,Operations Research,,0,98,43,141,0.336207,0.438886,2,2,0.527319,0.551807,0.00367
Organic Chemistry,Organic Chemistry,,0,48,28,76,0.482456,0.110966,0,3,0.452563,0.48755,0.001889
Paleoclimatology,Paleoclimatology,,0,38,24,62,0.565338,0.083669,0,3,0.406464,0.44257,0.0003
Paleoecology,Paleoecology,,0,21,10,31,0.664021,0.04956,0,3,0.369875,0.390763,0.000018
Paleontology,Paleontology,,0,60,52,112,0.417297,0.131368,4,3,0.468397,0.519277,0.002791
Palynology,Palynology,,0,23,12,35,0.654762,0.05285,0,3,0.402913,0.429317,0.000104
Parallel Computing,Parallel Computing,,0,74,25,99,0.458597,0.364566,2,3,0.434555,0.469076,0.000941
Parasitology,Parasitology,,0,43,14,57,0.674838,0.103628,4,3,0.397129,0.4249,0.00006
Particle Physics,Particle Physics,,0,47,35,82,0.518831,0.120894,0,3,0.466292,0.504016,0.000869
Pattern Recognition,Pattern Recognition,,0,12,15,27,0.344203,0.055306,1,3,0.447198,0.472691,0.000111
Pedagogy,Pedagogy,,0,20,9,29,0.547009,0.047817,0,4,0.323461,0.342972,0.000041
Peri Tarr,Peri Tarr,,0,67,80,147,0.797802,0.536111,5,2,0.553333,0.596386,0.000215
Peripheral,Peripheral,,0,62,89,151,0.436947,0.30898,2,2,0.560054,0.607229,0.001457
Peter Chen,Peter Chen,,0,68,80,148,0.800813,0.543521,5,2,0.553333,0.596386,0.000034
Peter Naur,Peter Naur,,0,10,18,28,0.473684,0.059995,1,2,0.511084,0.521687,0.000067
Pharmacy,Pharmacy,,0,36,43,79,0.398105,0.0847,0,3,0.44196,0.490763,0.001231
Photochemistry,Photochemistry,,0,33,21,54,0.61471,0.075774,0,3,0.401354,0.43494,0.000014
Physical Chemistry,Physical Chemistry,,0,64,24,88,0.483163,0.158454,0,3,0.414585,0.450602,0.000871
Physical Geography,Physical Geography,,0,37,33,70,0.480496,0.080454,0,3,0.422177,0.46506,0.000995
Physics,Physics,,0,99,68,167,0.236095,0.275642,0,3,0.495227,0.551406,0.012273
Physiology,Physiology,,0,57,38,95,0.42173,0.132445,4,3,0.4341,0.47992,0.001361
Planetary Science,Planetary Science,,0,27,21,48,0.514744,0.064621,0,3,0.408063,0.441767,0.000355
Political Science,Political Science,,0,45,33,78,0.51153,0.100409,3,3,0.461624,0.498795,0.000765
Printed Circuit Board,Printed Circuit Board,,0,59,9,68,0.575758,0.299201,2,3,0.372531,0.393173,0.000039
Probability,Probability,,0,70,22,92,0.41724,0.325898,2,2,0.513614,0.526506,0.002639
Process Control,Process Control,,0,61,4,65,0.598822,0.304551,2,3,0.354701,0.366667,0.000198
Programming Language,Programming Language,,0,88,32,120,0.354396,0.424979,2,2,0.52005,0.538554,0.003011
Programming Paradigm,Programming Paradigm,,0,118,0,118,0.503042,0.744425,5,0,0,0,0
Project Management,Project Management,,0,80,90,170,0.645504,0.597174,5,2,0.560811,0.608434,0.002159
Protoscience,Protoscience,,0,17,180,197,0.207294,0.042674,0,2,0.638462,0.716867,0.000246
Pseudoscience,Pseudoscience,,0,25,189,214,0.209417,0.060168,0,2,0.647426,0.727711,0.004037
Psychology,Psychology,,0,72,46,118,0.334403,0.162333,3,2,0.529337,0.555422,0.007319
Purdue University,Purdue University,,0,4,3,7,0.333333,0.026622,3,5,0.240162,0.248755,0.000001
Quantum Biology,Quantum Biology,,0,44,40,84,0.520904,0.106792,4,3,0.441489,0.487952,0.00044
Quantum Computer,Quantum Computer,,0,12,109,121,0.325415,0.046124,2,2,0.575589,0.631325,0.00194
Quantum Field Theory,Quantum Field Theory,,0,49,31,80,0.559933,0.127454,0,3,0.450597,0.488353,0.000204
Quantum Mechanics,Quantum Mechanics,,0,69,55,124,0.317367,0.180205,0,3,0.48538,0.534137,0.006603
Rapid Application Development,Rapid Application Development,,0,71,153,224,0.387432,0.556846,5,2,0.612999,0.684337,0.002783
Reinforcement Learning,Reinforcement Learning,,0,59,91,150,0.431574,0.293652,2,2,0.56157,0.609639,0.000622
Requirements Engineering,Requirements Engineering,,0,72,85,157,0.734296,0.564644,5,2,0.557047,0.60241,0.000422
Risk Management,Risk Management,,0,78,24,102,0.681806,0.582851,5,3,0.429162,0.464257,0.000927
Samuel Morse,Samuel Morse,,0,3,15,18,0.261438,0.02082,1,3,0.397891,0.426506,0.000013
Science,Science,,0,56,201,257,0.187473,0.130038,0,2,0.659777,0.742169,0.017378
Science Education,Science Education,,0,22,23,45,0.530252,0.052884,0,3,0.416667,0.451807,0.001573
Science Policy,Science Policy,,0,20,189,209,0.206771,0.046429,0,2,0.647426,0.727711,0.001173
Science Studies,Science Studies,,0,39,37,76,0.553997,0.083862,3,3,0.456546,0.497992,0.000537
Scientific Computing,Scientific Computing,,0,10,33,43,0.347795,0.049348,2,2,0.520703,0.539759,0.000306
Scientific Method,Scientific Method,,0,47,27,74,0.388158,0.107442,3,3,0.459071,0.491968,0.002862
Service-Oriented Architecture,Service-Oriented Architecture,,0,73,81,154,0.730687,0.559201,5,2,0.554072,0.59759,0.000348
Signal Processing,Signal Processing,,0,15,18,33,0.256322,0.068458,1,3,0.410485,0.441767,0.000263
Simulation,Simulation,,0,21,38,59,0.24746,0.0925,4,2,0.523329,0.544578,0.000842
Social Science,Social Science,,0,56,191,247,0.197685,0.128502,0,2,0.649452,0.73012,0.016584
Sociobiology,Sociobiology,,0,46,19,65,0.564646,0.109226,4,3,0.407262,0.439357,0.000442
Sociology,Sociology,,0,55,42,97,0.397498,0.111491,3,2,0.52665,0.550602,0.004679
Software,Software,,0,101,37,138,0.403505,0.657315,5,2,0.523329,0.544578,0.003847
Software Architecture,Software Architecture,,0,75,90,165,0.656966,0.580827,5,2,0.560811,0.608434,0.000728
Software Configuration Management,Software Configuration Management,,0,118,79,197,0.466726,0.741003,5,2,0.552597,0.595181,0.005508
Software Construction,Software Construction,,0,68,24,92,0.532297,0.375836,2,3,0.410079,0.446185,0.001112
Software Deployment,Software Deployment,,0,116,0,116,0.518591,0.7389,5,0,0,0,0
Software Design,Software Design,,0,120,158,278,0.349253,0.750817,5,2,0.61756,0.690361,0.008639
Software Development,Software Development,,0,82,168,250,0.338534,0.468907,5,2,0.626888,0.70241,0.008955
Software Development Process,Software Development Process,,0,116,86,202,0.460811,0.733442,5,2,0.557796,0.603614,0.005966
Software Engineer,Software Engineer,,0,16,91,107,0.630795,0.11913,5,2,0.56157,0.609639,0.000552
Software Engineering,Software Engineering,,0,108,179,287,0.282752,0.677701,5,2,0.637481,0.715663,0.017486
Software Maintenance,Software Maintenance,,0,117,161,278,0.354648,0.745684,5,2,0.620329,0.693976,0.007669
Software Prototyping,Software Prototyping,,0,70,85,155,0.721999,0.551822,5,2,0.557047,0.60241,0.000383
Software Quality,Software Quality,,0,115,154,269,0.372746,0.735773,2,2,0.613905,0.685542,0.00735
Software Quality Assurance,Software Quality Assurance,,0,71,78,149,0.81713,0.558914,5,2,0.551862,0.593976,0.000169
Software Testing,Software Testing,,0,71,159,230,0.369099,0.560083,5,2,0.61848,0.691566,0.002546
Solid Mechanics,Solid Mechanics,,0,49,35,84,0.528433,0.126292,0,3,0.460599,0.499598,0.000533
Special Relativity,Special Relativity,,0,50,34,84,0.528346,0.127517,0,3,0.458564,0.497189,0.000415
Spiral Model,Spiral Model,,0,71,82,153,0.769076,0.559231,5,2,0.554813,0.598795,0.000181
Star,Star,,0,28,8,36,0.536975,0.06528,0,4,0.332,0.353012,0.000289
Stephen J. Mellor,Stephen J. Mellor,,0,68,82,150,0.768503,0.543521,5,2,0.554813,0.598795,0.000058
Stereochemistry,Stereochemistry,,0,19,25,44,0.591754,0.046134,0,3,0.415832,0.45261,0.000028
String Theory,String Theory,,0,30,17,47,0.603659,0.079097,0,3,0.377616,0.405622,0.000083
Structured Analysis,Structured Analysis,,0,70,87,157,0.711338,0.550962,5,2,0.558546,0.604819,0.000348
Structured Programming,Structured Programming,,0,17,35,52,0.400116,0.113654,5,2,0.522013,0.542169,0.000188
Surface Science,Surface Science,,0,35,20,55,0.618758,0.081801,0,3,0.410485,0.443373,0.000072
System Integration,System Integration,,0,15,39,54,0.578205,0.12646,5,3,0.499398,0.530924,0.000165
Systems Modeling Language,Systems Modeling Language,,0,72,27,99,0.744196,0.564644,5,3,0.423902,0.461847,0.000212
Systems Analysis,Systems Analysis,,0,83,28,111,0.628327,0.603406,5,3,0.489387,0.515261,0.00087
Systems Development Life Cycle,Systems Development Life Cycle,,0,73,85,158,0.724673,0.572053,5,2,0.557047,0.60241,0.000494
Systems Engineering,Systems Engineering,,0,102,113,215,0.441322,0.663328,5,2,0.578801,0.636145,0.012333
Systems Science,Systems Science,,0,32,25,57,0.39547,0.128075,0,3,0.503641,0.52249,0.000483
Systems Theory,Systems Theory,,0,34,197,231,0.191767,0.111968,0,2,0.655608,0.737349,0.008488
Technoscience,Technoscience,,0,19,181,200,0.206262,0.044875,0,2,0.639445,0.718072,0.000882
Theoretical Biology,Theoretical Biology,,0,18,40,58,0.484336,0.043308,4,3,0.450597,0.495582,0.000159
Theoretical Chemistry,Theoretical Chemistry,,0,34,27,61,0.528502,0.077821,0,3,0.418347,0.456627,0.000429
Theoretical Computer Science,Theoretical Computer Science,,0,45,131,176,0.255245,0.132111,2,2,0.593705,0.657831,0.006415
Theoretical Physics,Theoretical Physics,,0,54,45,99,0.448213,0.141155,0,3,0.472665,0.516867,0.001982
Tony Hoare,Tony Hoare,,0,73,89,162,0.655797,0.548133,5,2,0.560054,0.607229,0.000688
Touchscreen,Touchscreen,,0,7,12,19,0.349673,0.036779,1,3,0.381434,0.406024,0.000069
Toxicology,Toxicology,,0,45,14,59,0.532143,0.107024,4,4,0.342127,0.373695,0.000198
Trygve Reenskaug,Trygve Reenskaug,,0,67,80,147,0.804727,0.536111,5,2,0.553333,0.596386,0.000017
Turing Award,Turing Award,,0,17,28,45,0.33779,0.080306,1,2,0.517456,0.533735,0.000847
Turing Machine,Turing Machine,,0,20,25,45,0.27619,0.052061,1,2,0.515528,0.53012,0.000808
Turing Test,Turing Test,,0,6,19,25,0.270563,0.034691,3,3,0.42132,0.453012,0.000111
Type Theory,Type Theory,,0,12,93,105,0.429499,0.035249,2,2,0.563094,0.612048,0.000671
Ubiquitous Computing,Ubiquitous Computing,,0,59,99,158,0.415182,0.303988,2,2,0.567715,0.619277,0.000862
Unified Modeling Language,Unified Modeling Language,,0,76,83,159,0.678999,0.581465,5,2,0.555556,0.6,0.00108
Unified Process,Unified Process,,0,70,82,152,0.766781,0.550918,5,2,0.554813,0.598795,0.000167
University Of Cambridge,University Of Cambridge,,0,12,20,32,0.228836,0.046889,1,3,0.421748,0.454217,0.002768
Urban Planning,Urban Planning,,0,37,27,64,0.60148,0.081122,3,3,0.451087,0.485542,0.000106
Victor Basili,Victor Basili,,0,68,81,149,0.788569,0.543521,5,2,0.554072,0.59759,0.000029
Virtual Machine,Virtual Machine,,0,59,88,147,0.459735,0.303504,2,2,0.559299,0.606024,0.002723
Virtual Reality,Virtual Reality,,0,66,90,156,0.42998,0.330816,2,2,0.560811,0.608434,0.003688
Volcanology,Volcanology,,0,26,18,44,0.553782,0.058244,0,3,0.403696,0.43494,0.00003
Ward Cunningham,Ward Cunningham,,0,68,81,149,0.782251,0.543521,5,2,0.554072,0.59759,0.000241
Waterfall Model,Waterfall Model,,0,72,82,154,0.785777,0.568397,5,2,0.554813,0.598795,0.00027
Watts Humphrey,Watts Humphrey,,0,68,83,151,0.756443,0.543521,5,2,0.555556,0.6,0.000096
Wayback Machine,Wayback Machine,,0,146,4,150,0.138491,0.541519,3,4,0.314394,0.327108,0.005814
Web Engineering,Web Engineering,,0,19,187,206,0.194334,0.050291,0,2,0.645412,0.725301,0.00671
Web Science,Web Science,,0,18,9,27,0.596667,0.047016,0,2,0.505481,0.510843,0.000051
Winston W. Royce,Winston W. Royce,,0,68,80,148,0.811574,0.543521,5,2,0.553333,0.596386,0.00008
World Wide Web,World Wide Web,,0,83,15,98,0.394529,0.368785,2,3,0.37865,0.405221,0.005518
Zoology,Zoology,,0,49,36,85,0.525141,0.119377,4,3,0.439153,0.482731,0.000427
Wikipedia:Citation Needed,Wikipedia:Citation Needed,,0,183,0,183,0.121059,0.629306,3,0,0,0,0
Template:Science,Template:Science,,0,16,179,195,0.207677,0.040099,0,2,0.637481,0.715663,0
Template:Software Engineering,Template:Software Engineering,,0,68,76,144,0.863303,0.543521,5,2,0.550398,0.591566,0.000002
Template Talk:Software Engineering,Template Talk:Software Engineering,,0,68,71,139,0.722598,0.543521,5,2,0.546772,0.585542,0.000434
Help:Authority Control,Help:Authority Control,,0,286,0,286,0.124414,1,1,0,0,0,0
Category:Wikipedia Articles With Gnd Identifiers,Category:Wikipedia Articles With Gnd Identifiers,,0,255,0,255,0.124518,0.838778,1,0,0,0,0
Category:Wikipedia Articles With Lccn Identifiers,Category:Wikipedia Articles With Lccn Identifiers,,0,152,0,152,0.153407,0.608689,1,0,0,0,0
Portal:Computer Science,Portal:Computer Science,,0,65,39,104,0.461991,0.324171,2,2,0.524652,0.546988,0.003689
Portal:Science,Portal:Science,,0,35,19,54,0.457576,0.079733,0,3,0.456546,0.483534,0.000549
Wikipedia:Citing Sources,Wikipedia:Citing Sources,,0,99,0,99,0.114203,0.292999,3,0,0,0,0
Wikipedia:Verifiability,Wikipedia:Verifiability,,0,108,0,108,0.108169,0.362318,3,0,0,0,0
Help:Maintenance Template Removal,Help:Maintenance Template Removal,,0,140,0,140,0.102364,0.462414,1,0,0,0,0
Category:Wikipedia Articles With Ndl Identifiers,Category:Wikipedia Articles With Ndl Identifiers,,0,185,0,185,0.125,0.599755,4,0,0,0,0
Data Structure,Data Structure,,0,16,20,36,0.353448,0.108188,1,2,0.512346,0.524096,0.000257
Cybernetic,Cybernetic,,0,39,42,81,0.353815,0.129488,3,3,0.51425,0.542972,0.001209
Robotic,Robotic,,0,46,28,74,0.338695,0.135833,0,2,0.517456,0.533735,0.001381
Complex System,Complex System,,0,43,32,75,0.343716,0.139874,3,2,0.52005,0.538554,0.001801
Statistic,Statistic,,0,115,41,156,0.298238,0.456085,2,2,0.525982,0.549398,0.008953
Very-Large-Scale Integration,Very-Large-Scale Integration,,0,59,88,147,0.451376,0.304651,2,2,0.559299,0.606024,0.000571
Thermodynamic,Thermodynamic,,0,62,38,100,0.452962,0.163344,0,3,0.467342,0.507229,0.001812
Video Game,Video Game,,0,67,15,82,0.489576,0.33061,2,3,0.383549,0.410843,0.000525
Intrusion-Detection System,Intrusion-Detection System,,0,59,10,69,0.61828,0.302987,2,3,0.372866,0.394378,0.00005
Economic,Economic,,0,61,39,100,0.337282,0.150023,3,2,0.524652,0.546988,0.002852
Slavic Language,Slavic Language,,0,4,10,14,0.25,0.016564,1,4,0.284247,0.304016,0.000022
Mathematic,Mathematic,,0,101,48,149,0.211981,0.313598,1,2,0.530691,0.557831,0.011166
Semiotic,Semiotic,,0,33,26,59,0.403529,0.083891,3,3,0.43501,0.471084,0.000389
Formal Method,Formal Method,,0,116,158,274,0.359188,0.730587,2,2,0.61756,0.690361,0.008138
